Date,Airline,Flight,From,To,Dep Terminal,Dep Gate,Arr Terminal,Arr Gate,Canceled,Diverted To,Gate Departure (Scheduled),Gate Departure (Actual),Take off (Scheduled),Take off (Actual),Landing (Scheduled),Landing (Actual),Gate Arrival (Scheduled),Gate Arrival (Actual),Aircraft Type Name,Tail Number,PNR,Seat,Seat Type,Cabin Class,Flight Reason,Notes,Flight Flighty ID,Airline Flighty ID,Departure Airport Flighty ID,Arrival Airport Flighty ID,Diverted To Airport Flighty ID,Aircraft Type Flighty ID
2024-01-08,CES,5076,HAN,PVG,T2,,1,,false,,2024-01-08T02:25,2024-01-08T02:25,,,,,2024-01-08T06:25,2024-01-08T06:32,Airbus A321,,,,,,,,170fb32c-61f0-45cd-bcf5-d0bd251d2a5e,7c3dc023-a5b2-4d2d-9bd1-6adecdcf1f16,8a81e164-4c8e-4c01-8b04-b2497c51c090,94ecd389-4c82-477f-8502-261c27f5b6fa,,5904cdc2-eccf-41fe-8345-e82a51d3269c
2024-01-08,CES,529,PVG,NGO,1,31,1,,false,,2024-01-08T09:30,2024-01-08T09:37,,,,,2024-01-08T12:35,2024-01-08T13:05,Airbus A321,,,,,,,,6275a0fc-7e1e-4226-868a-ac43fb3a8e57,7c3dc023-a5b2-4d2d-9bd1-6adecdcf1f16,94ecd389-4c82-477f-8502-261c27f5b6fa,de1f99fa-4f8f-4534-bf03-6f0925260747,,5904cdc2-eccf-41fe-8345-e82a51d3269c
2024-02-03,CES,720,NGO,PVG,1,15,1,,false,,2024-02-03T17:00,2024-02-03T17:09,,,,,2024-02-03T18:55,2024-02-03T19:13,Airbus A320neo,,,,,,,,f543f7d0-8175-4fc3-ba25-4eb37747f81e,7c3dc023-a5b2-4d2d-9bd1-6adecdcf1f16,de1f99fa-4f8f-4534-bf03-6f0925260747,94ecd389-4c82-477f-8502-261c27f5b6fa,,fc3bd268-833c-40f4-a74c-9512dabcbe08
2024-02-03,CES,5075,PVG,HAN,1,G123,T2,,false,,2024-02-03T22:35,2024-02-03T22:49,,,,,2024-02-04T01:25,2024-02-04T02:03,Airbus A321,,,,,,,,bc5da0a3-9ced-4107-b586-972fdd95d9dc,7c3dc023-a5b2-4d2d-9bd1-6adecdcf1f16,94ecd389-4c82-477f-8502-261c27f5b6fa,8a81e164-4c8e-4c01-8b04-b2497c51c090,,5904cdc2-eccf-41fe-8345-e82a51d3269c
2024-02-28,CES,5076,HAN,PVG,T2,29,1,,false,,2024-02-28T02:25,2024-02-28T02:32,,,,,2024-02-28T06:25,2024-02-28T06:30,Airbus A321,,,,,,,,920e5578-7014-48fd-8eac-52e4bbca7787,7c3dc023-a5b2-4d2d-9bd1-6adecdcf1f16,8a81e164-4c8e-4c01-8b04-b2497c51c090,94ecd389-4c82-477f-8502-261c27f5b6fa,,5904cdc2-eccf-41fe-8345-e82a51d3269c
2024-02-28,CES,8637,PVG,NGO,1,,1,,false,,2024-02-28T11:25,,,,,,2024-02-28T15:00,2024-02-28T14:35,Boeing 737-800,,,,,,,,f3179b51-c46d-4f8f-97a2-37b9fa0b357a,7c3dc023-a5b2-4d2d-9bd1-6adecdcf1f16,94ecd389-4c82-477f-8502-261c27f5b6fa,de1f99fa-4f8f-4534-bf03-6f0925260747,,8ad8530e-acd0-42bf-abc5-1e70c4a076bf
2024-03-03,ANA,86,NGO,HND,1,8,2,,false,,2024-03-03T07:20,2024-03-03T07:21,,,,,2024-03-03T08:25,2024-03-03T08:18,Boeing 737-800,,,,,,,,4504d06e-fb41-4543-91e5-5255a004b92f,c1ace35c-3515-410b-ad40-219189967eff,de1f99fa-4f8f-4534-bf03-6f0925260747,deceac13-5547-4a5a-9877-06e35ae80304,,8ad8530e-acd0-42bf-abc5-1e70c4a076bf
2024-03-03,ANA,102,HND,IAD,3,146,Main,,false,,2024-03-03T10:50,2024-03-03T11:02,,,,,2024-03-03T09:20,2024-03-03T09:24,Boeing 787-9,,,,,,,,2a18f3af-7578-4c94-a9ee-68e36f2822f7,c1ace35c-3515-410b-ad40-219189967eff,deceac13-5547-4a5a-9877-06e35ae80304,519696f5-bda6-457c-ae4c-dd1cb07e20de,,c4910e5e-2c05-4d17-bc08-fa0c8c0b77d9
2024-03-03,UAL,1347,IAD,RDU,Main,C23,2,D19,false,,2024-03-03T12:40,2024-03-03T12:32,,,,,2024-03-03T13:53,2024-03-03T13:36,Boeing 737-900ER,,,,,,,,90483a55-6d0d-4b46-968f-cbbf4099064d,b57b4c86-4724-48f1-80be-d7de4036004a,519696f5-bda6-457c-ae4c-dd1cb07e20de,7852b092-092d-4c60-a638-d43993aa2899,,24012541-435d-4a27-af8a-4791336f1965
2024-03-09,ANA,7567,RDU,ORD,2,D17,2,E6,false,,2024-03-09T06:38,2024-03-09T06:35,,,,,2024-03-09T08:03,2024-03-09T07:48,Boeing 737-800,,,,,,,,24f743e3-e66e-4b71-aef1-9e76b587519f,c1ace35c-3515-410b-ad40-219189967eff,7852b092-092d-4c60-a638-d43993aa2899,a5eff314-18e7-4c87-bd38-0131882f1b8d,,8ad8530e-acd0-42bf-abc5-1e70c4a076bf
2024-03-09,ANA,11,ORD,NRT,1,,1S,,false,,2024-03-09T10:30,2024-03-09T10:37,,,,,2024-03-10T15:00,2024-03-10T14:32,Boeing 777-300 ER,,,,,,,,f382fa43-d77a-4439-b270-6aef6f6f4c76,c1ace35c-3515-410b-ad40-219189967eff,a5eff314-18e7-4c87-bd38-0131882f1b8d,42cbe764-fc30-49b0-9e72-eca5f6c21767,,78eac566-1ad0-4ded-9979-9510dfde05f2
2024-03-10,ANA,493,NRT,NGO,1S,D,1,,false,,2024-03-10T16:55,2024-03-10T16:54,,,,,2024-03-10T18:10,2024-03-10T17:57,Boeing 737-800,,,,,,,,3ecdf99e-938a-431a-9c2a-07c47adae0c7,c1ace35c-3515-410b-ad40-219189967eff,42cbe764-fc30-49b0-9e72-eca5f6c21767,de1f99fa-4f8f-4534-bf03-6f0925260747,,8ad8530e-acd0-42bf-abc5-1e70c4a076bf
2024-03-18,SKY,765,NGO,CTS,1,7,D,5,false,,2024-03-18T13:15,2024-03-18T13:17,,,,,2024-03-18T15:00,2024-03-18T15:00,Boeing 737-800,,,,,,,,90fc5fea-c639-4ddf-9193-60711a7262f5,374f415a-adf8-4830-b72a-4a10272b5945,de1f99fa-4f8f-4534-bf03-6f0925260747,989b8d16-a970-4003-9c46-16b99b099848,,8ad8530e-acd0-42bf-abc5-1e70c4a076bf
2024-03-22,APJ,464,CTS,NGO,D,3,11,,false,,2024-03-22T19:10,2024-03-22T19:17,,,,,2024-03-22T21:10,2024-03-22T21:08,Airbus A320,,,,,,,,9582ad1f-66b1-4e6c-a8d0-b4dda2745679,c8bc3ea0-b938-49b7-9e20-d7df59f9214f,989b8d16-a970-4003-9c46-16b99b099848,de1f99fa-4f8f-4534-bf03-6f0925260747,,dd390a1f-e92a-4411-ab72-04db16d42030
2024-05-25,THY,199,HND,IST,3,106A,,,false,,2024-05-25T21:55,2024-05-25T22:00,,,,,2024-05-26T05:10,2024-05-26T05:08,Boeing 777-300 ER,,,,,,,,850d1c6f-3123-40a9-8916-cc05be1bf41f,4b6748ff-2354-4a00-b3f5-e0624c0b26b4,deceac13-5547-4a5a-9877-06e35ae80304,4c08e958-48c1-4317-9dbb-0edee8e4c4bc,,78eac566-1ad0-4ded-9979-9510dfde05f2
2024-06-01,THY,50,IST,NRT,,D17,1S,31,false,,2024-06-01T15:50,2024-06-01T16:00,,,,,2024-06-02T08:55,2024-06-02T09:28,Boeing 777-300 ER,,,,,,,,c5591995-6cc0-4dd9-b207-872755451976,4b6748ff-2354-4a00-b3f5-e0624c0b26b4,4c08e958-48c1-4317-9dbb-0edee8e4c4bc,42cbe764-fc30-49b0-9e72-eca5f6c21767,,78eac566-1ad0-4ded-9979-9510dfde05f2
2024-06-27,VJC,938,HAN,KIX,2,,1,12,false,,2024-06-27T01:20,,,,,,2024-06-27T07:50,2024-06-27T07:29,Airbus A321neo,,,,,,,,20118947-dfdb-4c5b-9c8a-caa53f1c6dfc,1906718d-979c-4d30-8f32-746968e1b455,8a81e164-4c8e-4c01-8b04-b2497c51c090,05f38441-6e21-4f4f-8b90-f6ff8be5f037,,2e99cd6b-cec7-4ec7-a85e-dbc2b5e25a8f
2024-10-02,CES,292,NGO,PVG,1,22,1,,false,,2024-10-02T08:55,2024-10-02T08:41,,,,,2024-10-02T10:40,2024-10-02T10:35,Airbus A321,,,,,,,,51443cd6-8ff9-48d3-a5e4-db05de31b409,7c3dc023-a5b2-4d2d-9bd1-6adecdcf1f16,de1f99fa-4f8f-4534-bf03-6f0925260747,94ecd389-4c82-477f-8502-261c27f5b6fa,,5904cdc2-eccf-41fe-8345-e82a51d3269c
2024-10-03,CES,5075,PVG,HAN,1,G118,2,,false,,2024-10-03T22:40,2024-10-03T22:44,,,,,2024-10-04T01:20,2024-10-04T01:12,Airbus A321,,,,,,,,db74a5c1-96a4-4f02-a57f-58c296e3a278,7c3dc023-a5b2-4d2d-9bd1-6adecdcf1f16,94ecd389-4c82-477f-8502-261c27f5b6fa,8a81e164-4c8e-4c01-8b04-b2497c51c090,,5904cdc2-eccf-41fe-8345-e82a51d3269c
2024-10-20,CES,5076,HAN,PVG,T2,35,1,,false,,2024-10-20T02:20,2024-10-20T02:12,,,,,2024-10-20T06:35,2024-10-20T06:23,Airbus A321,,,,,,,,290773d7-bd70-493f-af6d-25a2763d3072,7c3dc023-a5b2-4d2d-9bd1-6adecdcf1f16,8a81e164-4c8e-4c01-8b04-b2497c51c090,94ecd389-4c82-477f-8502-261c27f5b6fa,,5904cdc2-eccf-41fe-8345-e82a51d3269c
2024-10-20,CES,8971,PVG,HAN,2,G153,2,,false,,2024-10-20T15:50,,,,,,2024-10-20T18:25,2024-10-20T17:57,Airbus A321,,,,,,,,8e3d8e94-84ec-4096-bcf8-9960fbf72bea,7c3dc023-a5b2-4d2d-9bd1-6adecdcf1f16,94ecd389-4c82-477f-8502-261c27f5b6fa,8a81e164-4c8e-4c01-8b04-b2497c51c090,,5904cdc2-eccf-41fe-8345-e82a51d3269c
2024-12-01,ANA,494,NGO,NRT,1,7,1S,,false,,2024-12-01T14:10,2024-12-01T14:09,,,,,2024-12-01T15:25,2024-12-01T15:25,Boeing 737-800,,,,,,,,dc67307f-2636-4b23-8f6f-7ce28e9d6ea6,c1ace35c-3515-410b-ad40-219189967eff,de1f99fa-4f8f-4534-bf03-6f0925260747,42cbe764-fc30-49b0-9e72-eca5f6c21767,,8ad8530e-acd0-42bf-abc5-1e70c4a076bf
2024-12-01,ANZ,90,NRT,AKL,1S,44,I,16,false,,2024-12-01T18:45,2024-12-01T19:49,,,,,2024-12-02T09:20,2024-12-02T10:01,Boeing 777-300 ER,,,,,,,,3b7a3abc-52d5-4ab4-947f-fff8b79dc4e5,e2595c02-5a11-4091-84fb-ba83be3f9927,42cbe764-fc30-49b0-9e72-eca5f6c21767,0b50fa2a-bab6-44c2-bcd8-678f40d15369,,78eac566-1ad0-4ded-9979-9510dfde05f2
2024-12-07,ANZ,99,AKL,NRT,I,3,1S,44,false,,2024-12-07T10:05,2024-12-07T10:20,,,,,2024-12-07T17:00,2024-12-07T17:11,Boeing 777-300 ER,,,,,,,,35d229b2-ce61-4743-b802-a91fc237f174,e2595c02-5a11-4091-84fb-ba83be3f9927,0b50fa2a-bab6-44c2-bcd8-678f40d15369,42cbe764-fc30-49b0-9e72-eca5f6c21767,,78eac566-1ad0-4ded-9979-9510dfde05f2
2024-12-23,CSN,6056,NGO,CAN,1,14,2,,false,,2024-12-23T15:00,2024-12-23T15:24,,,,,2024-12-23T19:05,,Airbus A320neo,,,60K,WINDOW,ECONOMY,LEISURE,,57c16b03-c0b7-4b04-9e60-a48575c432c5,255d4d33-d2aa-4a84-bc7d-0613c507151f,de1f99fa-4f8f-4534-bf03-6f0925260747,7436d9ad-c589-49cb-9578-7762e8598fdc,,fc3bd268-833c-40f4-a74c-9512dabcbe08
2024-12-23,CSN,371,CAN,HAN,2,A145,2,,false,,2024-12-23T22:10,,,,,,2024-12-23T23:15,2024-12-23T23:19,Airbus A320,,,50K,WINDOW,ECONOMY,LEISURE,,382105a9-85ee-45f2-8c64-a1a122eed08f,255d4d33-d2aa-4a84-bc7d-0613c507151f,7436d9ad-c589-49cb-9578-7762e8598fdc,8a81e164-4c8e-4c01-8b04-b2497c51c090,,dd390a1f-e92a-4411-ab72-04db16d42030
2025-01-13,CSN,372,HAN,CAN,T2,26,2,,false,,2025-01-13T08:15,2025-01-13T08:15,,,,,2025-01-13T10:55,2025-01-13T10:47,Boeing 737 MAX 8,,,35A,WINDOW,ECONOMY,LEISURE,,d6c17153-a101-44c9-bf78-3433fd73f99c,255d4d33-d2aa-4a84-bc7d-0613c507151f,8a81e164-4c8e-4c01-8b04-b2497c51c090,7436d9ad-c589-49cb-9578-7762e8598fdc,,5ee1c1db-bf8c-475a-99b0-262bbc7a50b2
2025-01-14,CSN,6055,CAN,NGO,2,A146,1,,false,,2025-01-14T09:05,,,,,,2025-01-14T13:45,,Airbus A320neo,,,34A,WINDOW,ECONOMY,,,b80af53a-2a69-4596-b620-57b7a4e9f81c,255d4d33-d2aa-4a84-bc7d-0613c507151f,7436d9ad-c589-49cb-9578-7762e8598fdc,de1f99fa-4f8f-4534-bf03-6f0925260747,,fc3bd268-833c-40f4-a74c-9512dabcbe08
2025-02-27,ANA,494,NGO,NRT,1,7,1,,false,,2025-02-27T14:10,2025-02-27T14:10,,,,,2025-02-27T15:25,2025-02-27T15:28,Boeing 737-800,,,,,,,,157c1a9d-ea3e-4370-b25d-b0182c3f661b,c1ace35c-3515-410b-ad40-219189967eff,de1f99fa-4f8f-4534-bf03-6f0925260747,42cbe764-fc30-49b0-9e72-eca5f6c21767,,8ad8530e-acd0-42bf-abc5-1e70c4a076bf
2025-02-27,UAL,142,NRT,DEN,1,37,Main,A27,false,,2025-02-27T17:30,2025-02-27T17:23,,,,,2025-02-27T12:10,2025-02-27T11:58,Boeing 787-9,,,,,,,,0378e3a9-51fb-4a0c-ac92-8b0bc4d79349,b57b4c86-4724-48f1-80be-d7de4036004a,42cbe764-fc30-49b0-9e72-eca5f6c21767,d00b5728-0678-4689-b660-fe9e583203dc,,c4910e5e-2c05-4d17-bc08-fa0c8c0b77d9
2025-02-27,UAL,5954,DEN,TUS,Main,B53,Main,A7,false,,2025-02-27T16:25,2025-02-27T16:25,,,,,2025-02-27T18:44,2025-02-27T18:24,Embraer 175,,,,,,,,488a80dd-5c33-4fbc-9a68-da40a179e14c,b57b4c86-4724-48f1-80be-d7de4036004a,d00b5728-0678-4689-b660-fe9e583203dc,7673e4fc-a5d7-4759-9163-17824911518b,,36728d5b-40cd-46ec-93ba-8822376b565d
2025-03-05,UAL,5657,TUS,DEN,Main,A8,Main,B55,false,,2025-03-05T08:00,2025-03-05T07:56,,,,,2025-03-05T10:07,2025-03-05T10:19,Embraer 175,,,,,,,,6d8321c3-bbd5-4176-a861-cc7ae089a75a,b57b4c86-4724-48f1-80be-d7de4036004a,7673e4fc-a5d7-4759-9163-17824911518b,d00b5728-0678-4689-b660-fe9e583203dc,,36728d5b-40cd-46ec-93ba-8822376b565d
2025-03-05,UAL,143,DEN,NRT,Main,B32,1S,36,false,,2025-03-05T11:30,2025-03-05T11:24,,,,,2025-03-06T15:45,2025-03-06T15:30,Boeing 787-9,,,,,,,,574bff60-3cc1-400f-8006-4df70b98fe21,b57b4c86-4724-48f1-80be-d7de4036004a,d00b5728-0678-4689-b660-fe9e583203dc,42cbe764-fc30-49b0-9e72-eca5f6c21767,,c4910e5e-2c05-4d17-bc08-fa0c8c0b77d9
2025-03-06,ANA,493,NRT,NGO,1,1,1,,false,,2025-03-06T17:25,2025-03-06T17:22,,,,,2025-03-06T18:40,,Boeing 737-800,,,,,,,,2efc22db-a75c-4098-bed4-339182ca46ad,c1ace35c-3515-410b-ad40-219189967eff,42cbe764-fc30-49b0-9e72-eca5f6c21767,de1f99fa-4f8f-4534-bf03-6f0925260747,,8ad8530e-acd0-42bf-abc5-1e70c4a076bf
2025-03-13,SNJ,121,NGO,OKA,1,7,D,,false,,2025-03-13T12:00,2025-03-13T11:53,,,,,2025-03-13T14:35,2025-03-13T14:30,Boeing 737-800,,,,,,,,808adf93-ad8b-450c-a505-57490c3e8306,da1dfc43-acf8-463e-9d4c-5a20ba15ac68,de1f99fa-4f8f-4534-bf03-6f0925260747,d4ed967f-b773-49bb-a56d-c61a323783f2,,8ad8530e-acd0-42bf-abc5-1e70c4a076bf
2025-03-17,SKY,596,OKA,UKB,D,27,,,false,,2025-03-17T16:40,2025-03-17T17:13,,,,,2025-03-17T18:30,2025-03-17T18:56,Boeing 737-800,,,,,,,,d7ceef18-43d7-4ede-81f6-2383aca2250c,374f415a-adf8-4830-b72a-4a10272b5945,d4ed967f-b773-49bb-a56d-c61a323783f2,dc4eb2a7-cac7-4773-922e-78d0622733f4,,8ad8530e-acd0-42bf-abc5-1e70c4a076bf
2025-04-25,CSZ,754,NGO,SZX,1,22,,,false,,2025-04-25T15:00,2025-04-25T16:18,,,,,2025-04-25T18:40,,Airbus A320,,,,,,,,aabe4f1d-17cc-46bd-ae11-13050d17ff7b,882ae493-92fd-4736-99aa-2a349ce76c91,de1f99fa-4f8f-4534-bf03-6f0925260747,fe67fc1f-8483-4796-891a-81a54515c216,,dd390a1f-e92a-4411-ab72-04db16d42030
2025-04-25,CSZ,107,SZX,HAN,,308,2,,false,,2025-04-25T23:55,,,,,,2025-04-26T01:10,2025-04-26T02:25,Airbus A320,,,,,,,,ce1bae9d-6e63-445b-8f5c-ce61baa7ba0e,882ae493-92fd-4736-99aa-2a349ce76c91,fe67fc1f-8483-4796-891a-81a54515c216,8a81e164-4c8e-4c01-8b04-b2497c51c090,,dd390a1f-e92a-4411-ab72-04db16d42030
2025-05-18,CSZ,108,HAN,SZX,T2,35,T3,,false,,2025-05-18T02:10,2025-05-18T01:58,,,,,2025-05-18T05:00,2025-05-18T04:34,Airbus A320,,,,,,,,7c87c1ea-0452-4b67-b94f-1b02a74b91c1,882ae493-92fd-4736-99aa-2a349ce76c91,8a81e164-4c8e-4c01-8b04-b2497c51c090,fe67fc1f-8483-4796-891a-81a54515c216,,dd390a1f-e92a-4411-ab72-04db16d42030
2025-05-18,CSZ,753,SZX,NGO,T3,311,T1,,false,,2025-05-18T08:55,2025-05-18T09:53,,,,,2025-05-18T14:00,2025-05-18T14:47,Airbus A320,,,,,,,,d66a5b85-a547-4d1c-be40-79ab2568a80b,882ae493-92fd-4736-99aa-2a349ce76c91,fe67fc1f-8483-4796-891a-81a54515c216,de1f99fa-4f8f-4534-bf03-6f0925260747,,dd390a1f-e92a-4411-ab72-04db16d42030
2025-05-25,JAL,200,NGO,HND,T1,7,T1,,false,,2025-05-25T07:35,2025-05-25T07:35,,,,,2025-05-25T08:40,2025-05-25T08:32,Boeing 737-800,,,,,,,,92849bb6-53cf-4766-9118-ce0c4e67ae5e,646d4d03-db09-45ee-8330-6af7d6dc61cd,de1f99fa-4f8f-4534-bf03-6f0925260747,deceac13-5547-4a5a-9877-06e35ae80304,,8ad8530e-acd0-42bf-abc5-1e70c4a076bf
2025-05-25,JAL,10,HND,ORD,T3,113,T5,,false,,2025-05-25T11:30,2025-05-25T11:38,,,,,2025-05-25T09:15,2025-05-25T09:14,Boeing 777-300 ER,,,,,,,,869e66bc-ab73-482e-bfce-63ef3b1d7bd8,646d4d03-db09-45ee-8330-6af7d6dc61cd,deceac13-5547-4a5a-9877-06e35ae80304,a5eff314-18e7-4c87-bd38-0131882f1b8d,,78eac566-1ad0-4ded-9979-9510dfde05f2
2025-05-25,AAL,1101,ORD,TPA,3,K18,,F84,false,,2025-05-25T13:47,2025-05-25T13:39,,,,,2025-05-25T17:25,2025-05-25T17:08,Boeing 737-800,,,,,,,,fcd37f89-8d38-49ed-b690-b7ea51507a9c,ae1fc6a5-c42d-4e70-ba63-d641d248d270,a5eff314-18e7-4c87-bd38-0131882f1b8d,af50854a-e728-4e40-885b-d8b73b69f6e8,,8ad8530e-acd0-42bf-abc5-1e70c4a076bf
2025-05-31,JBU,192,TPA,BOS,,A11,C,C22,false,,2025-05-31T07:30,2025-05-31T08:18,,,,,2025-05-31T10:35,2025-05-31T11:45,Airbus A320,,,,,,,,68c891ee-2d89-47f6-bf6f-f74a39d10346,765155ec-70b3-4183-9cd3-10d1f5127405,af50854a-e728-4e40-885b-d8b73b69f6e8,813ec62f-c303-44d9-a041-a4434d6fd652,,dd390a1f-e92a-4411-ab72-04db16d42030
2025-05-31,JAL,7,BOS,NRT,E,E4,2,94,false,,2025-05-31T13:35,2025-05-31T13:40,,,,,2025-06-01T16:10,2025-06-01T15:54,Boeing 787-9,,,,,,,,45e3506f-a950-4de8-9fa4-3cb159d0b6ad,646d4d03-db09-45ee-8330-6af7d6dc61cd,813ec62f-c303-44d9-a041-a4434d6fd652,42cbe764-fc30-49b0-9e72-eca5f6c21767,,c4910e5e-2c05-4d17-bc08-fa0c8c0b77d9
2025-06-01,JAL,3087,NRT,NGO,T2,D,T1,,false,,2025-06-01T18:30,2025-06-01T18:34,,,,,2025-06-01T19:40,2025-06-01T19:37,Boeing 737-800,,,,,,,,34caa539-c6ef-47b9-afcb-ff88b2d39cc9,646d4d03-db09-45ee-8330-6af7d6dc61cd,42cbe764-fc30-49b0-9e72-eca5f6c21767,de1f99fa-4f8f-4534-bf03-6f0925260747,,8ad8530e-acd0-42bf-abc5-1e70c4a076bf
2025-06-24,CAL,151,NGO,TPE,T1,18,T2,A8,false,,2025-06-24T09:55,2025-06-24T09:40,,,,,2025-06-24T11:55,2025-06-24T11:27,Airbus A330-300,,,,,,,,a928583a-5faa-4f81-8b01-b516b3f7a8c5,772d4949-a060-41e4-b4d4-6aff942bbf73,de1f99fa-4f8f-4534-bf03-6f0925260747,1a0ff314-4db9-43eb-aef0-59d40b78505b,,6eab475b-ae92-46cd-a1b8-66937c85f7cc
2025-07-05,TGW,897,TPE,SIN,1,B6,1,D32,false,,2025-07-05T01:05,2025-07-05T01:07,,,,,2025-07-05T05:25,2025-07-05T05:09,Boeing 787-8,,,,,,,,a1066dde-d554-45f0-8888-4ad28736aa25,446c3088-b05f-4f6f-8c7d-fa945859c8b7,1a0ff314-4db9-43eb-aef0-59d40b78505b,0408c509-a410-4361-806b-eebecfea9bc1,,4f948d40-962a-4fdf-b1d9-424282d24f76
2025-07-05,TGW,302,SIN,SGN,T1,D47,T2,,false,,2025-07-05T16:00,2025-07-05T16:14,,,,,2025-07-05T17:15,2025-07-05T17:19,Airbus A321neo,,,,,,,,1588aa95-9bb5-4282-821c-88ce73cd71dd,446c3088-b05f-4f6f-8c7d-fa945859c8b7,0408c509-a410-4361-806b-eebecfea9bc1,55757f45-a7b4-4005-bf27-43869acade56,,2e99cd6b-cec7-4ec7-a85e-dbc2b5e25a8f
2025-07-07,VJC,842,SGN,TPE,T2,,T1,B1R,false,,2025-07-07T13:30,2025-07-07T16:14,,,,,2025-07-07T18:00,2025-07-07T20:36,Airbus A321neo,,,,,,,,824d722f-167d-4bab-a782-83bf0bc38dbc,1906718d-979c-4d30-8f32-746968e1b455,55757f45-a7b4-4005-bf27-43869acade56,1a0ff314-4db9-43eb-aef0-59d40b78505b,,2e99cd6b-cec7-4ec7-a85e-dbc2b5e25a8f
2025-07-17,CAL,150,TPE,NGO,2,A9,1,,false,,2025-07-17T17:15,2025-07-17T18:34,,,,,2025-07-17T21:05,2025-07-17T22:21,Airbus A330-300,,,,,,,,c3c36264-f62f-4b22-b11a-c26577436a26,772d4949-a060-41e4-b4d4-6aff942bbf73,1a0ff314-4db9-43eb-aef0-59d40b78505b,de1f99fa-4f8f-4534-bf03-6f0925260747,,6eab475b-ae92-46cd-a1b8-66937c85f7cc
2025-08-16,VJC,921,NGO,HAN,1,18,2,,false,,2025-08-16T09:25,2025-08-16T09:38,,,,,2025-08-16T12:50,2025-08-16T12:27,Airbus A321neo,,,,,,,,0b7204dd-6b9f-4569-8d7a-7fbc95f0b446,1906718d-979c-4d30-8f32-746968e1b455,de1f99fa-4f8f-4534-bf03-6f0925260747,8a81e164-4c8e-4c01-8b04-b2497c51c090,,2e99cd6b-cec7-4ec7-a85e-dbc2b5e25a8f
2025-09-15,VJC,920,HAN,NGO,2,,1,,false,,2025-09-15T01:40,2025-09-15T01:35,,,,,2025-09-15T08:00,2025-09-15T08:16,Airbus A321neo,,,,,,,,743e1907-8865-4c29-8d13-8830b71e5065,1906718d-979c-4d30-8f32-746968e1b455,8a81e164-4c8e-4c01-8b04-b2497c51c090,de1f99fa-4f8f-4534-bf03-6f0925260747,,2e99cd6b-cec7-4ec7-a85e-dbc2b5e25a8f
2025-12-08,HVN,343,NGO,SGN,T1,14,T2,,false,,2025-12-08T09:00,2025-12-08T09:00,,,,,2025-12-08T13:10,2025-12-08T12:52,Airbus A321,,,,,,,,b03965f2-49a6-4019-b0b6-b8cc3e0fb5df,e954f8f5-08f2-47d6-81e2-4c11d9de58d4,de1f99fa-4f8f-4534-bf03-6f0925260747,55757f45-a7b4-4005-bf27-43869acade56,,5904cdc2-eccf-41fe-8345-e82a51d3269c
2025-12-08,HVN,679,SGN,KUL,T2,,T1,C11,false,,2025-12-08T15:50,2025-12-08T16:04,,,,,2025-12-08T18:50,2025-12-08T19:00,Airbus A321,,,,,,,,d1041e31-abf6-42a1-851f-6fad2bc221e7,e954f8f5-08f2-47d6-81e2-4c11d9de58d4,55757f45-a7b4-4005-bf27-43869acade56,d0ed4e28-88b7-4a15-ba4e-bb366458975a,,5904cdc2-eccf-41fe-8345-e82a51d3269c
2025-12-12,HVN,680,KUL,HAN,1,C13,2,,false,,2025-12-12T20:10,2025-12-12T20:06,,,,,2025-12-12T22:15,2025-12-12T22:25,Airbus A321,,,14G,,,,,9da3ef2d-39e0-45ab-991e-2dbd2a9506b3,e954f8f5-08f2-47d6-81e2-4c11d9de58d4,d0ed4e28-88b7-4a15-ba4e-bb366458975a,8a81e164-4c8e-4c01-8b04-b2497c51c090,,5904cdc2-eccf-41fe-8345-e82a51d3269c
2026-01-01,VJC,920,HAN,NGO,T2,23,T1,,false,,2026-01-01T01:35,2026-01-01T02:15,,,,,2026-01-01T08:00,2026-01-01T08:31,Airbus A321neo,,,,,,,,c7757e7e-73e9-44b8-95ce-379541395f69,1906718d-979c-4d30-8f32-746968e1b455,8a81e164-4c8e-4c01-8b04-b2497c51c090,de1f99fa-4f8f-4534-bf03-6f0925260747,,2e99cd6b-cec7-4ec7-a85e-dbc2b5e25a8f
2026-03-05,JAL,3084,NGO,NRT,T1,10,T2,,false,,2026-03-05T14:30,2026-03-05T14:29,,,,,2026-03-05T15:50,2026-03-05T15:43,Boeing 737-800,,,20A,WINDOW,,,,459186ca-15dd-40f1-8256-f3502499af88,646d4d03-db09-45ee-8330-6af7d6dc61cd,de1f99fa-4f8f-4534-bf03-6f0925260747,42cbe764-fc30-49b0-9e72-eca5f6c21767,,8ad8530e-acd0-42bf-abc5-1e70c4a076bf
2026-03-05,JAL,62,NRT,LAX,2,66,B,153,false,,2026-03-05T17:05,2026-03-05T17:11,,,,,2026-03-05T09:45,2026-03-05T09:56,Boeing 787-9,,,,,,,,47be410b-1106-4953-bf1e-347c78a2fd9c,646d4d03-db09-45ee-8330-6af7d6dc61cd,42cbe764-fc30-49b0-9e72-eca5f6c21767,25b8d712-9888-423f-868d-b25f1d184aaf,,c4910e5e-2c05-4d17-bc08-fa0c8c0b77d9
2026-03-05,JAL,7562,LAX,TUS,4,52H,Main,B10,false,,2026-03-05T15:04,2026-03-05T15:23,,,,,2026-03-05T17:36,2026-03-05T17:51,Bombardier CRJ700,,,,,,,,efea518c-be1f-4395-ad71-66720f284556,646d4d03-db09-45ee-8330-6af7d6dc61cd,25b8d712-9888-423f-868d-b25f1d184aaf,7673e4fc-a5d7-4759-9163-17824911518b,,1404a49a-a829-47ff-b37b-6c9273f21c77
2026-03-11,JAL,7563,TUS,LAX,Main,B11,4,52H,false,,2026-03-11T07:27,2026-03-11T07:20,,,,,2026-03-11T09:25,2026-03-11T09:17,Embraer 175,,,,,,,,eb9b0ed6-94fc-4bed-a0c2-6a72481888ac,646d4d03-db09-45ee-8330-6af7d6dc61cd,7673e4fc-a5d7-4759-9163-17824911518b,25b8d712-9888-423f-868d-b25f1d184aaf,,36728d5b-40cd-46ec-93ba-8822376b565d
2026-03-11,JAL,61,LAX,NRT,B,155,2,87,false,,2026-03-11T12:50,2026-03-11T13:21,,,,,2026-03-12T16:40,2026-03-12T16:31,Boeing 787-9,,,,,,,,eb24c4eb-10b7-474b-871d-6c8e223379ed,646d4d03-db09-45ee-8330-6af7d6dc61cd,25b8d712-9888-423f-868d-b25f1d184aaf,42cbe764-fc30-49b0-9e72-eca5f6c21767,,c4910e5e-2c05-4d17-bc08-fa0c8c0b77d9
2026-03-12,JAL,3087,NRT,NGO,T2,D,T1,,false,,2026-03-12T18:30,2026-03-12T18:43,,,,,2026-03-12T19:45,2026-03-12T20:02,Boeing 737-800,,,,,,,,23496d6d-db3c-4b5e-8e33-0ff6bf86c27a,646d4d03-db09-45ee-8330-6af7d6dc61cd,42cbe764-fc30-49b0-9e72-eca5f6c21767,de1f99fa-4f8f-4534-bf03-6f0925260747,,8ad8530e-acd0-42bf-abc5-1e70c4a076bf
2026-03-15,JAL,3082,NGO,NRT,T1,11,T2,,false,,2026-03-15T08:15,2026-03-15T08:14,,,,,2026-03-15T09:25,2026-03-15T09:25,Boeing 737-800,,,15A,WINDOW,ECONOMY,BUSINESS,,2b6359b4-c047-4df5-9ae2-76422b8179cb,646d4d03-db09-45ee-8330-6af7d6dc61cd,de1f99fa-4f8f-4534-bf03-6f0925260747,42cbe764-fc30-49b0-9e72-eca5f6c21767,,8ad8530e-acd0-42bf-abc5-1e70c4a076bf
2026-03-15,JAL,407,NRT,FRA,T2,62,T2,,false,,2026-03-15T10:45,2026-03-15T10:50,,,,,2026-03-15T17:00,2026-03-15T17:09,Boeing 787-9,,,49A,WINDOW,ECONOMY,BUSINESS,,11023679-4a6d-497a-a117-70932968cd8e,646d4d03-db09-45ee-8330-6af7d6dc61cd,42cbe764-fc30-49b0-9e72-eca5f6c21767,9e8dd658-32ff-4277-acb3-8c2b5dc39431,,c4910e5e-2c05-4d17-bc08-fa0c8c0b77d9
2026-03-21,JAL,408,FRA,NRT,T2,D8,T2,65,false,,2026-03-21T20:05,2026-03-21T20:06,,,,,2026-03-22T17:05,2026-03-22T17:20,Boeing 787-9,,,,,,,,0b0659fb-6cbf-469d-81d1-4c73750bd857,646d4d03-db09-45ee-8330-6af7d6dc61cd,9e8dd658-32ff-4277-acb3-8c2b5dc39431,42cbe764-fc30-49b0-9e72-eca5f6c21767,,c4910e5e-2c05-4d17-bc08-fa0c8c0b77d9
2026-03-22,JAL,3087,NRT,NGO,T2,D,T1,,false,,2026-03-22T18:30,2026-03-22T18:39,,,,,2026-03-22T19:45,2026-03-22T19:59,Boeing 737-800,,,,,,,,ac267f08-61c3-4e66-9724-534759a2b9f7,646d4d03-db09-45ee-8330-6af7d6dc61cd,42cbe764-fc30-49b0-9e72-eca5f6c21767,de1f99fa-4f8f-4534-bf03-6f0925260747,,8ad8530e-acd0-42bf-abc5-1e70c4a076bf
2026-04-19,ANA,86,NGO,HND,T1,8,T2,,false,,2026-04-19T07:20,2026-04-19T07:21,,,,,2026-04-19T08:25,2026-04-19T08:25,Boeing 737-800,,,,,,,,693b206b-d337-4070-af58-81bececcc890,c1ace35c-3515-410b-ad40-219189967eff,de1f99fa-4f8f-4534-bf03-6f0925260747,deceac13-5547-4a5a-9877-06e35ae80304,,8ad8530e-acd0-42bf-abc5-1e70c4a076bf
2026-04-21,ANA,85,HND,NGO,T2,50A,T1,,false,,2026-04-21T19:40,2026-04-21T19:54,,,,,2026-04-21T20:40,2026-04-21T20:57,Boeing 737-800,,,,,,,,3a38401e-fee2-46bb-a338-e0eccdaf4c62,c1ace35c-3515-410b-ad40-219189967eff,deceac13-5547-4a5a-9877-06e35ae80304,de1f99fa-4f8f-4534-bf03-6f0925260747,,8ad8530e-acd0-42bf-abc5-1e70c4a076bf
2026-06-09,CES,720,NGO,PVG,1,20,1,,false,,2026-06-09T17:00,2026-06-09T16:44,,,,,2026-06-09T18:35,2026-06-09T18:38,Airbus A321,,,40L,WINDOW,,,,32fbf339-4832-4938-9154-36a6466aee83,7c3dc023-a5b2-4d2d-9bd1-6adecdcf1f16,de1f99fa-4f8f-4534-bf03-6f0925260747,94ecd389-4c82-477f-8502-261c27f5b6fa,,5904cdc2-eccf-41fe-8345-e82a51d3269c
2026-06-10,CES,219,PVG,FRA,T1,23,T3,,false,,2026-06-10T00:15,2026-06-10T00:12,,,,,2026-06-10T06:05,2026-06-10T06:05,Boeing 777-300 ER,,,41L,WINDOW,,,,89513c5a-32bb-4589-9a63-3922ce9f812b,7c3dc023-a5b2-4d2d-9bd1-6adecdcf1f16,94ecd389-4c82-477f-8502-261c27f5b6fa,9e8dd658-32ff-4277-acb3-8c2b5dc39431,,78eac566-1ad0-4ded-9979-9510dfde05f2
2026-07-05,CES,220,FRA,PVG,3,J10,1,,false,,2026-07-05T14:30,2026-07-05T14:40,,,,,2026-07-06T07:15,2026-07-06T07:20,Boeing 777-300 ER,,,41A,WINDOW,,,,b0f103c8-0483-424b-9407-5ba82175baed,7c3dc023-a5b2-4d2d-9bd1-6adecdcf1f16,9e8dd658-32ff-4277-acb3-8c2b5dc39431,94ecd389-4c82-477f-8502-261c27f5b6fa,,78eac566-1ad0-4ded-9979-9510dfde05f2
2026-07-06,CES,529,PVG,NGO,T1,31,T1,,false,,2026-07-06T09:10,2026-07-06T09:05,,,,,2026-07-06T12:35,2026-07-06T12:33,Airbus A321neo,,,39A,WINDOW,,,,e6580813-f264-4f4c-ab35-168529f98ab8,7c3dc023-a5b2-4d2d-9bd1-6adecdcf1f16,94ecd389-4c82-477f-8502-261c27f5b6fa,de1f99fa-4f8f-4534-bf03-6f0925260747,,2e99cd6b-cec7-4ec7-a85e-dbc2b5e25a8f
2026-07-08,VJC,921,NGO,HAN,T1,24,T2,,false,,2026-07-08T09:25,2026-07-08T09:40,,,,,2026-07-08T12:50,2026-07-08T12:27,Airbus A321neo,,C5HUSP,6F,,,,,a0a5bf97-4d91-4498-9eb0-2070984e76eb,1906718d-979c-4d30-8f32-746968e1b455,de1f99fa-4f8f-4534-bf03-6f0925260747,8a81e164-4c8e-4c01-8b04-b2497c51c090,,2e99cd6b-cec7-4ec7-a85e-dbc2b5e25a8f
2026-07-29,VJC,920,HAN,NGO,2,,1,,false,,2026-07-29T01:40,,,,,,2026-07-29T08:00,,Airbus A321,,ZTHVQE,5A,,,,,5b0e8b1c-f3bc-4773-81c7-8d5210781bd1,1906718d-979c-4d30-8f32-746968e1b455,8a81e164-4c8e-4c01-8b04-b2497c51c090,de1f99fa-4f8f-4534-bf03-6f0925260747,,5904cdc2-eccf-41fe-8345-e82a51d3269c
2026-08-03,ANA,371,NGO,NGS,1,,,,false,,2026-08-03T07:20,,,,,,2026-08-03T08:45,,Boeing 737-800,,,,,,,,a94621bb-061a-4a30-bdde-bce8cd90a8ab,c1ace35c-3515-410b-ad40-219189967eff,de1f99fa-4f8f-4534-bf03-6f0925260747,9e48fa62-6f59-4f66-835d-6372814fc827,,8ad8530e-acd0-42bf-abc5-1e70c4a076bf
2026-08-06,ANA,374,NGS,NGO,,,1,,false,,2026-08-06T20:05,,,,,,2026-08-06T21:25,,Boeing 737-800,,,,,,,,243e766a-5baa-4133-8404-fe5e27f05b95,c1ace35c-3515-410b-ad40-219189967eff,9e48fa62-6f59-4f66-835d-6372814fc827,de1f99fa-4f8f-4534-bf03-6f0925260747,,8ad8530e-acd0-42bf-abc5-1e70c4a076bf
2026-08-11,JAL,209,HND,NGO,1,,1,,false,,2026-08-11T19:55,,,,,,2026-08-11T20:55,,Boeing 737-800,,,,,,,,3871e6cc-4e77-4926-8403-70a80d37a3e3,646d4d03-db09-45ee-8330-6af7d6dc61cd,deceac13-5547-4a5a-9877-06e35ae80304,de1f99fa-4f8f-4534-bf03-6f0925260747,,bfed5d53-9645-4ae2-aa8b-808123bd938b
2026-08-29,JAL,202,NGO,HND,1,,1,,false,,2026-08-29T07:35,,,,,,2026-08-29T08:40,,Boeing 737-800,,,,,,,,e7e8973e-2c90-4c0d-804c-71eb329d3c76,646d4d03-db09-45ee-8330-6af7d6dc61cd,de1f99fa-4f8f-4534-bf03-6f0925260747,deceac13-5547-4a5a-9877-06e35ae80304,,bfed5d53-9645-4ae2-aa8b-808123bd938b
2026-08-29,ITY,793,HND,FCO,3,,3,,false,,2026-08-29T12:40,,,,,,2026-08-29T20:25,,Airbus A350-900,,,,,,,,472ed82f-0d56-46ed-958e-cde2573bb9dd,405db5cd-864f-45f1-872a-8e9842349efa,deceac13-5547-4a5a-9877-06e35ae80304,c1ae74d8-8361-4e5e-95e3-86a49e98df2a,,0f7e0145-14a5-4c47-aa84-f03b1ff28cd0
2026-08-30,ITY,1627,FCO,BDS,1,,,,false,,2026-08-30T15:00,,,,,,2026-08-30T16:10,,Airbus A320neo,,,,,,,,142dcb0a-201f-4158-a8fc-59431278d5e0,405db5cd-864f-45f1-872a-8e9842349efa,c1ae74d8-8361-4e5e-95e3-86a49e98df2a,04f624c3-59a6-4bab-a92f-62dfcfea4654,,fc3bd268-833c-40f4-a74c-9512dabcbe08
2026-09-04,ITY,1624,BDS,FCO,,,1,,false,,2026-09-04T11:15,,,,,,2026-09-04T12:25,,Airbus A320neo,,,,,,,,0d3c945d-d23d-4892-86ff-088b23c62162,405db5cd-864f-45f1-872a-8e9842349efa,04f624c3-59a6-4bab-a92f-62dfcfea4654,c1ae74d8-8361-4e5e-95e3-86a49e98df2a,,fc3bd268-833c-40f4-a74c-9512dabcbe08
2026-09-04,ITY,792,FCO,HND,1,,3,,false,,2026-09-04T14:55,,,,,,2026-09-05T10:25,,Airbus A350-900,,,,,,,,ca6ab679-2a6b-4802-988b-c5d8dbac252e,405db5cd-864f-45f1-872a-8e9842349efa,c1ae74d8-8361-4e5e-95e3-86a49e98df2a,deceac13-5547-4a5a-9877-06e35ae80304,,0f7e0145-14a5-4c47-aa84-f03b1ff28cd0
2026-09-07,CES,720,NGO,PVG,1,,1,,false,,2026-09-07T17:00,,,,,,2026-09-07T18:35,,Airbus A321,,,37L,WINDOW,,,,cb3f933e-1e87-4bdd-996c-69e2246dca48,7c3dc023-a5b2-4d2d-9bd1-6adecdcf1f16,de1f99fa-4f8f-4534-bf03-6f0925260747,94ecd389-4c82-477f-8502-261c27f5b6fa,,5904cdc2-eccf-41fe-8345-e82a51d3269c
2026-09-08,CES,219,PVG,FRA,1,,3,,false,,2026-09-08T00:25,,,,,,2026-09-08T06:05,,Boeing 777-300 ER,,,41A,WINDOW,,,,93e6a79a-7c61-4b14-bc09-cb52d155ec2f,7c3dc023-a5b2-4d2d-9bd1-6adecdcf1f16,94ecd389-4c82-477f-8502-261c27f5b6fa,9e8dd658-32ff-4277-acb3-8c2b5dc39431,,78eac566-1ad0-4ded-9979-9510dfde05f2
2026-10-02,CES,220,FRA,PVG,3,,1,,false,,2026-10-02T14:30,,,,,,2026-10-03T07:15,,Boeing 777-300 ER,,,42A,WINDOW,,,,05141a9d-3ad7-47c7-979b-d815c61b2c80,7c3dc023-a5b2-4d2d-9bd1-6adecdcf1f16,9e8dd658-32ff-4277-acb3-8c2b5dc39431,94ecd389-4c82-477f-8502-261c27f5b6fa,,78eac566-1ad0-4ded-9979-9510dfde05f2
2026-10-03,CES,529,PVG,NGO,1,,1,,false,,2026-10-03T09:10,,,,,,2026-10-03T12:35,,Airbus A330-200,,,37A,WINDOW,,,,8e2c7d46-085a-415b-8388-6887cce2421b,7c3dc023-a5b2-4d2d-9bd1-6adecdcf1f16,94ecd389-4c82-477f-8502-261c27f5b6fa,de1f99fa-4f8f-4534-bf03-6f0925260747,,b592e11d-fad7-492c-9c29-998f09eed93e
2024-06-05,VJC,921,NGO,HAN,1,21,2,,false,,2024-06-05T09:25,2024-06-05T09:45,2024-06-05T09:35,2024-06-05T10:03,2024-06-05T12:40,2024-06-05T12:47,2024-06-05T12:50,2024-06-05T12:55,Airbus A321neo,VNA530,,,,,,,,1906718d-979c-4d30-8f32-746968e1b455,de1f99fa-4f8f-4534-bf03-6f0925260747,8a81e164-4c8e-4c01-8b04-b2497c51c090,,2e99cd6b-cec7-4ec7-a85e-dbc2b5e25a8f
